original_shape2D_Elongation,0.85682
original_shape2D_MajorAxisLength,0.93528
original_shape2D_MaximumDiameter,0.97336
original_shape2D_MeshSurface,0.94552
original_shape2D_MinorAxisLength,0.87039
original_shape2D_Perimeter,0.92682
original_shape2D_PerimeterSurfaceRatio,0.74706
original_shape2D_PixelSurface,0.94582
original_shape2D_Sphericity,0.93171
original_firstorder_10Percentile,0.59613
original_firstorder_90Percentile,0.98781
original_firstorder_Energy,0.90229
original_firstorder_Entropy,0.4478
original_firstorder_InterquartileRange,0.65204
original_firstorder_Kurtosis,0.35713
original_firstorder_Maximum,0.10828
original_firstorder_MeanAbsoluteDeviation,0.4156
original_firstorder_Mean,0.85571
original_firstorder_Median,0.91111
original_firstorder_Minimum,0.23906
original_firstorder_Range,0.16586
original_firstorder_RobustMeanAbsoluteDeviation,0.61963
original_firstorder_RootMeanSquared,0.89374
original_firstorder_Skewness,0.36446
original_firstorder_TotalEnergy,0.90229
original_firstorder_Uniformity,0.60859
original_firstorder_Variance,0.24255
original_glcm_Autocorrelation,0.32302
original_glcm_ClusterProminence,0.33617
original_glcm_ClusterShade,-0.0019727
original_glcm_ClusterTendency,0.27792
original_glcm_Contrast,0.094911
original_glcm_Correlation,0.46799
original_glcm_DifferenceAverage,0.094911
original_glcm_DifferenceEntropy,0.14704
original_glcm_DifferenceVariance,0.12425
original_glcm_Id,0.094911
original_glcm_Idm,0.094911
original_glcm_Idmn,0.094911
original_glcm_Idn,0.094911
original_glcm_Imc1,0.56949
original_glcm_Imc2,0.38029
original_glcm_InverseVariance,0.094911
original_glcm_JointAverage,0.32464
original_glcm_JointEnergy,0.18385
original_glcm_JointEntropy,0.17724
original_glcm_MCC,0.47692
original_glcm_MaximumProbability,0.15878
original_glcm_SumAverage,0.32464
original_glcm_SumEntropy,0.19623
original_glcm_SumSquares,0.22158
original_gldm_DependenceEntropy,0.38448
original_gldm_DependenceNonUniformity,0.79896
original_gldm_DependenceNonUniformityNormalized,0.52168
original_gldm_DependenceVariance,0.46367
original_gldm_GrayLevelNonUniformity,0.89956
original_gldm_GrayLevelVariance,0.25727
original_gldm_HighGrayLevelEmphasis,0.32582
original_gldm_LargeDependenceEmphasis,0.65502
original_gldm_LargeDependenceHighGrayLevelEmphasis,0.3547
original_gldm_LargeDependenceLowGrayLevelEmphasis,0.41727
original_gldm_LowGrayLevelEmphasis,0.32582
original_gldm_SmallDependenceEmphasis,0.52223
original_gldm_SmallDependenceHighGrayLevelEmphasis,0.45678
original_gldm_SmallDependenceLowGrayLevelEmphasis,0.53156
original_glrlm_GrayLevelNonUniformity,0.75885
original_glrlm_GrayLevelNonUniformityNormalized,0.28098
original_glrlm_GrayLevelVariance,0.28098
original_glrlm_HighGrayLevelRunEmphasis,0.34032
original_glrlm_LongRunEmphasis,0.52181
original_glrlm_LongRunHighGrayLevelEmphasis,0.45951
original_glrlm_LongRunLowGrayLevelEmphasis,0.46577
original_glrlm_LowGrayLevelRunEmphasis,0.34032
original_glrlm_RunEntropy,0.80209
original_glrlm_RunLengthNonUniformity,0.2499
original_glrlm_RunLengthNonUniformityNormalized,0.62526
original_glrlm_RunPercentage,0.65256
original_glrlm_RunVariance,0.55887
original_glrlm_ShortRunEmphasis,0.45288
original_glrlm_ShortRunHighGrayLevelEmphasis,0.24805
original_glrlm_ShortRunLowGrayLevelEmphasis,0.53314
original_glszm_GrayLevelNonUniformity,0.423
original_glszm_GrayLevelNonUniformityNormalized,0.4203
original_glszm_GrayLevelVariance,0.4203
original_glszm_HighGrayLevelZoneEmphasis,0.33523
original_glszm_LargeAreaEmphasis,0.34002
original_glszm_LargeAreaHighGrayLevelEmphasis,0.42961
original_glszm_LargeAreaLowGrayLevelEmphasis,0.31555
original_glszm_LowGrayLevelZoneEmphasis,0.33523
original_glszm_SizeZoneNonUniformity,0.39788
original_glszm_SizeZoneNonUniformityNormalized,0.37711
original_glszm_SmallAreaEmphasis,0.35348
original_glszm_SmallAreaHighGrayLevelEmphasis,0.39699
original_glszm_SmallAreaLowGrayLevelEmphasis,0.22133
original_glszm_ZoneEntropy,0.34003
original_glszm_ZonePercentage,0.48476
original_glszm_ZoneVariance,0.37026
original_ngtdm_Busyness,-0.012534
original_ngtdm_Coarseness,4.4703e-07
original_ngtdm_Complexity,0.09978
original_ngtdm_Contrast,0.039935
original_ngtdm_Strength,0.051455
original_GLDZM_SDE,0.91075
original_GLDZM_LDE,0.97654
original_GLDZM_LGLE,0.40287
original_GLDZM_HGLE,0.55275
original_GLDZM_SDLGLE,0.44169
original_GLDZM_SDHGLE,0.73052
original_GLDZM_LDLGLE,0.79672
original_GLDZM_LDHGLE,0.88444
original_GLDZM_GLNU,0.91529
original_GLDZM_GLNUN,0.28075
original_GLDZM_ZDNU,0.8949
original_GLDZM_ZDNUN,0.90369
original_GLDZM_ZP,0.32179
original_GLDZM_GLM,0.85984
original_GLDZM_GLV,0.68396
original_GLDZM_ZDM,0.88943
original_GLDZM_ZDV,0.69958
original_GLDZM_ZDE,0.94308
original_NGLDM_LDE,0.67042
original_NGLDM_HDE,0.63014
original_NGLDM_LGLCE,0.20028
original_NGLDM_HGLCE,0.5637
original_NGLDM_LDLGLE,0.26215
original_NGLDM_LDHGLE,0.59453
original_NGLDM_HDLGLE,0.17437
original_NGLDM_HDHGLE,0.55708
original_NGLDM_GLNU,0.45223
original_NGLDM_GLNUN,0.23568
original_NGLDM_DCNU,0.68199
original_NGLDM_DCNUN,0.18707
original_NGLDM_GLM,0.53979
original_NGLDM_GLV,0.18242
original_NGLDM_DCM,0.64394
original_NGLDM_DCV,0.57386
original_NGLDM_DCE,0.15564
original_NGLDM_DCENE,0.10683
original_LTE_LL_5,
original_LTE_EE_5,
original_LTE_SS_5,
original_LTE_LE_5,
original_LTE_ES_5,
original_LTE_LS_5,
original_FDTA_HurstCoeff_1,0.6949
original_FDTA_HurstCoeff_2,
original_FDTA_HurstCoeff_3,
original_FDTA_HurstCoeff_4,
original_FPS_RadialSum,0.89629
original_FPS_AngularSum,0.89567
LoG_sigma=1.0_glcm_Autocorrelation,0.54813
LoG_sigma=1.0_glcm_ClusterProminence,0.51426
LoG_sigma=1.0_glcm_ClusterShade,0.28564
LoG_sigma=1.0_glcm_ClusterTendency,0.50257
LoG_sigma=1.0_glcm_Contrast,0.48762
LoG_sigma=1.0_glcm_Correlation,0.31369
LoG_sigma=1.0_glcm_DifferenceAverage,0.48762
LoG_sigma=1.0_glcm_DifferenceEntropy,0.52136
LoG_sigma=1.0_glcm_DifferenceVariance,0.49776
LoG_sigma=1.0_glcm_Id,0.48762
LoG_sigma=1.0_glcm_Idm,0.48762
LoG_sigma=1.0_glcm_Idmn,0.48762
LoG_sigma=1.0_glcm_Idn,0.48762
LoG_sigma=1.0_glcm_Imc1,0.26318
LoG_sigma=1.0_glcm_Imc2,0.50343
LoG_sigma=1.0_glcm_InverseVariance,0.48762
LoG_sigma=1.0_glcm_JointAverage,0.54592
LoG_sigma=1.0_glcm_JointEnergy,0.5047
LoG_sigma=1.0_glcm_JointEntropy,0.51667
LoG_sigma=1.0_glcm_MCC,0.27543
LoG_sigma=1.0_glcm_MaximumProbability,0.48873
LoG_sigma=1.0_glcm_SumAverage,0.54592
LoG_sigma=1.0_glcm_SumEntropy,0.51882
LoG_sigma=1.0_glcm_SumSquares,0.50399
LoG_sigma=1.0_gldm_DependenceEntropy,0.71179
LoG_sigma=1.0_gldm_DependenceNonUniformity,0.92516
LoG_sigma=1.0_gldm_DependenceNonUniformityNormalized,0.81178
LoG_sigma=1.0_gldm_DependenceVariance,0.66466
LoG_sigma=1.0_gldm_GrayLevelNonUniformity,0.93248
LoG_sigma=1.0_gldm_GrayLevelVariance,0.52126
LoG_sigma=1.0_gldm_HighGrayLevelEmphasis,0.5674
LoG_sigma=1.0_gldm_LargeDependenceEmphasis,0.73602
LoG_sigma=1.0_gldm_LargeDependenceHighGrayLevelEmphasis,0.64823
LoG_sigma=1.0_gldm_LargeDependenceLowGrayLevelEmphasis,0.61355
LoG_sigma=1.0_gldm_LowGrayLevelEmphasis,0.5674
LoG_sigma=1.0_gldm_SmallDependenceEmphasis,0.4677
LoG_sigma=1.0_gldm_SmallDependenceHighGrayLevelEmphasis,0.52641
LoG_sigma=1.0_gldm_SmallDependenceLowGrayLevelEmphasis,0.42523
LoG_sigma=1.0_glrlm_GrayLevelNonUniformity,0.9222
LoG_sigma=1.0_glrlm_GrayLevelNonUniformityNormalized,0.55278
LoG_sigma=1.0_glrlm_GrayLevelVariance,0.55278
LoG_sigma=1.0_glrlm_HighGrayLevelRunEmphasis,0.57151
LoG_sigma=1.0_glrlm_LongRunEmphasis,0.87443
LoG_sigma=1.0_glrlm_LongRunHighGrayLevelEmphasis,0.90449
LoG_sigma=1.0_glrlm_LongRunLowGrayLevelEmphasis,0.86186
LoG_sigma=1.0_glrlm_LowGrayLevelRunEmphasis,0.57151
LoG_sigma=1.0_glrlm_RunEntropy,0.85609
LoG_sigma=1.0_glrlm_RunLengthNonUniformity,0.32645
LoG_sigma=1.0_glrlm_RunLengthNonUniformityNormalized,0.65398
LoG_sigma=1.0_glrlm_RunPercentage,0.71123
LoG_sigma=1.0_glrlm_RunVariance,0.897
LoG_sigma=1.0_glrlm_ShortRunEmphasis,0.55589
LoG_sigma=1.0_glrlm_ShortRunHighGrayLevelEmphasis,0.59947
LoG_sigma=1.0_glrlm_ShortRunLowGrayLevelEmphasis,0.51622
LoG_sigma=1.0_glszm_GrayLevelNonUniformity,0.1785
LoG_sigma=1.0_glszm_GrayLevelNonUniformityNormalized,0.37864
LoG_sigma=1.0_glszm_GrayLevelVariance,0.37864
LoG_sigma=1.0_glszm_HighGrayLevelZoneEmphasis,0.50273
LoG_sigma=1.0_glszm_LargeAreaEmphasis,0.78435
LoG_sigma=1.0_glszm_LargeAreaHighGrayLevelEmphasis,0.78447
LoG_sigma=1.0_glszm_LargeAreaLowGrayLevelEmphasis,0.78435
LoG_sigma=1.0_glszm_LowGrayLevelZoneEmphasis,0.50273
LoG_sigma=1.0_glszm_SizeZoneNonUniformity,0.22997
LoG_sigma=1.0_glszm_SizeZoneNonUniformityNormalized,0.44513
LoG_sigma=1.0_glszm_SmallAreaEmphasis,0.041082
LoG_sigma=1.0_glszm_SmallAreaHighGrayLevelEmphasis,0.23413
LoG_sigma=1.0_glszm_SmallAreaLowGrayLevelEmphasis,-0.012417
LoG_sigma=1.0_glszm_ZoneEntropy,0.45496
LoG_sigma=1.0_glszm_ZonePercentage,0.39095
LoG_sigma=1.0_glszm_ZoneVariance,0.85022
LoG_sigma=1.0_ngtdm_Busyness,0.008242
LoG_sigma=1.0_ngtdm_Coarseness,-2.4745e-07
LoG_sigma=1.0_ngtdm_Complexity,0.48429
LoG_sigma=1.0_ngtdm_Contrast,0.46365
LoG_sigma=1.0_ngtdm_Strength,0.17208
LoG_sigma=1.0_GLDZM_SDE,0.83616
LoG_sigma=1.0_GLDZM_LDE,0.98468
LoG_sigma=1.0_GLDZM_LGLE,0.55165
LoG_sigma=1.0_GLDZM_HGLE,0.49332
LoG_sigma=1.0_GLDZM_SDLGLE,0.51777
LoG_sigma=1.0_GLDZM_SDHGLE,0.57497
LoG_sigma=1.0_GLDZM_LDLGLE,0.85571
LoG_sigma=1.0_GLDZM_LDHGLE,0.9188
LoG_sigma=1.0_GLDZM_GLNU,0.98799
LoG_sigma=1.0_GLDZM_GLNUN,0.87254
LoG_sigma=1.0_GLDZM_ZDNU,0.87214
LoG_sigma=1.0_GLDZM_ZDNUN,0.79275
LoG_sigma=1.0_GLDZM_ZP,0.94044
LoG_sigma=1.0_GLDZM_GLM,0.94613
LoG_sigma=1.0_GLDZM_GLV,0.92382
LoG_sigma=1.0_GLDZM_ZDM,0.96825
LoG_sigma=1.0_GLDZM_ZDV,0.96994
LoG_sigma=1.0_GLDZM_ZDE,0.9414
LoG_sigma=1.0_NGLDM_LDE,0.78705
LoG_sigma=1.0_NGLDM_HDE,0.75014
LoG_sigma=1.0_NGLDM_LGLCE,0.26248
LoG_sigma=1.0_NGLDM_HGLCE,0.59022
LoG_sigma=1.0_NGLDM_LDLGLE,0.07194
LoG_sigma=1.0_NGLDM_LDHGLE,0.58908
LoG_sigma=1.0_NGLDM_HDLGLE,0.37129
LoG_sigma=1.0_NGLDM_HDHGLE,0.59812
LoG_sigma=1.0_NGLDM_GLNU,0.90994
LoG_sigma=1.0_NGLDM_GLNUN,0.86052
LoG_sigma=1.0_NGLDM_DCNU,0.94084
LoG_sigma=1.0_NGLDM_DCNUN,0.48751
LoG_sigma=1.0_NGLDM_GLM,0.62825
LoG_sigma=1.0_NGLDM_GLV,0.69639
LoG_sigma=1.0_NGLDM_DCM,0.7496
LoG_sigma=1.0_NGLDM_DCV,0.75996
LoG_sigma=1.0_NGLDM_DCE,0.59858
LoG_sigma=1.0_NGLDM_DCENE,0.56078
LoG_sigma=1.0_LTE_LL_5,
LoG_sigma=1.0_LTE_EE_5,
LoG_sigma=1.0_LTE_SS_5,
LoG_sigma=1.0_LTE_LE_5,
LoG_sigma=1.0_LTE_ES_5,
LoG_sigma=1.0_LTE_LS_5,
LoG_sigma=1.0_FDTA_HurstCoeff_1,0.25829
LoG_sigma=1.0_FDTA_HurstCoeff_2,
LoG_sigma=1.0_FDTA_HurstCoeff_3,
LoG_sigma=1.0_FDTA_HurstCoeff_4,
LoG_sigma=1.0_FPS_RadialSum,0.97207
LoG_sigma=1.0_FPS_AngularSum,0.96119
LoG_sigma=2.0_glcm_Autocorrelation,0.76592
LoG_sigma=2.0_glcm_ClusterProminence,0.79712
LoG_sigma=2.0_glcm_ClusterShade,0.6853
LoG_sigma=2.0_glcm_ClusterTendency,0.79019
LoG_sigma=2.0_glcm_Contrast,0.62755
LoG_sigma=2.0_glcm_Correlation,0.65611
LoG_sigma=2.0_glcm_DifferenceAverage,0.62755
LoG_sigma=2.0_glcm_DifferenceEntropy,0.74553
LoG_sigma=2.0_glcm_DifferenceVariance,0.69693
LoG_sigma=2.0_glcm_Id,0.62755
LoG_sigma=2.0_glcm_Idm,0.62755
LoG_sigma=2.0_glcm_Idmn,0.62755
LoG_sigma=2.0_glcm_Idn,0.62755
LoG_sigma=2.0_glcm_Imc1,0.71107
LoG_sigma=2.0_glcm_Imc2,0.74634
LoG_sigma=2.0_glcm_InverseVariance,0.62755
LoG_sigma=2.0_glcm_JointAverage,0.7638
LoG_sigma=2.0_glcm_JointEnergy,0.76842
LoG_sigma=2.0_glcm_JointEntropy,0.76875
LoG_sigma=2.0_glcm_MCC,0.63852
LoG_sigma=2.0_glcm_MaximumProbability,0.74068
LoG_sigma=2.0_glcm_SumAverage,0.7638
LoG_sigma=2.0_glcm_SumEntropy,0.7765
LoG_sigma=2.0_glcm_SumSquares,0.78007
LoG_sigma=2.0_gldm_DependenceEntropy,0.88045
LoG_sigma=2.0_gldm_DependenceNonUniformity,0.95446
LoG_sigma=2.0_gldm_DependenceNonUniformityNormalized,0.93077
LoG_sigma=2.0_gldm_DependenceVariance,0.77581
LoG_sigma=2.0_gldm_GrayLevelNonUniformity,0.94969
LoG_sigma=2.0_gldm_GrayLevelVariance,0.78949
LoG_sigma=2.0_gldm_HighGrayLevelEmphasis,0.77497
LoG_sigma=2.0_gldm_LargeDependenceEmphasis,0.8188
LoG_sigma=2.0_gldm_LargeDependenceHighGrayLevelEmphasis,0.83326
LoG_sigma=2.0_gldm_LargeDependenceLowGrayLevelEmphasis,0.78716
LoG_sigma=2.0_gldm_LowGrayLevelEmphasis,0.77497
LoG_sigma=2.0_gldm_SmallDependenceEmphasis,0.49246
LoG_sigma=2.0_gldm_SmallDependenceHighGrayLevelEmphasis,0.52716
LoG_sigma=2.0_gldm_SmallDependenceLowGrayLevelEmphasis,0.47751
LoG_sigma=2.0_glrlm_GrayLevelNonUniformity,0.91774
LoG_sigma=2.0_glrlm_GrayLevelNonUniformityNormalized,0.76671
LoG_sigma=2.0_glrlm_GrayLevelVariance,0.76671
LoG_sigma=2.0_glrlm_HighGrayLevelRunEmphasis,0.75549
LoG_sigma=2.0_glrlm_LongRunEmphasis,0.96117
LoG_sigma=2.0_glrlm_LongRunHighGrayLevelEmphasis,0.96351
LoG_sigma=2.0_glrlm_LongRunLowGrayLevelEmphasis,0.9578
LoG_sigma=2.0_glrlm_LowGrayLevelRunEmphasis,0.75549
LoG_sigma=2.0_glrlm_RunEntropy,0.8967
LoG_sigma=2.0_glrlm_RunLengthNonUniformity,0.86925
LoG_sigma=2.0_glrlm_RunLengthNonUniformityNormalized,0.7134
LoG_sigma=2.0_glrlm_RunPercentage,0.78402
LoG_sigma=2.0_glrlm_RunVariance,0.96866
LoG_sigma=2.0_glrlm_ShortRunEmphasis,0.5762
LoG_sigma=2.0_glrlm_ShortRunHighGrayLevelEmphasis,0.60516
LoG_sigma=2.0_glrlm_ShortRunLowGrayLevelEmphasis,0.56406
LoG_sigma=2.0_glszm_GrayLevelNonUniformity,0.65429
LoG_sigma=2.0_glszm_GrayLevelNonUniformityNormalized,0.25562
LoG_sigma=2.0_glszm_GrayLevelVariance,0.25562
LoG_sigma=2.0_glszm_HighGrayLevelZoneEmphasis,0.51761
LoG_sigma=2.0_glszm_LargeAreaEmphasis,0.9513
LoG_sigma=2.0_glszm_LargeAreaHighGrayLevelEmphasis,0.95131
LoG_sigma=2.0_glszm_LargeAreaLowGrayLevelEmphasis,0.95139
LoG_sigma=2.0_glszm_LowGrayLevelZoneEmphasis,0.51761
LoG_sigma=2.0_glszm_SizeZoneNonUniformity,0.29618
LoG_sigma=2.0_glszm_SizeZoneNonUniformityNormalized,0.58581
LoG_sigma=2.0_glszm_SmallAreaEmphasis,0.17159
LoG_sigma=2.0_glszm_SmallAreaHighGrayLevelEmphasis,0.34683
LoG_sigma=2.0_glszm_SmallAreaLowGrayLevelEmphasis,-0.039178
LoG_sigma=2.0_glszm_ZoneEntropy,0.71743
LoG_sigma=2.0_glszm_ZonePercentage,0.40837
LoG_sigma=2.0_glszm_ZoneVariance,0.95965
LoG_sigma=2.0_ngtdm_Busyness,0.10308
LoG_sigma=2.0_ngtdm_Coarseness,0.66581
LoG_sigma=2.0_ngtdm_Complexity,0.70517
LoG_sigma=2.0_ngtdm_Contrast,0.65695
LoG_sigma=2.0_ngtdm_Strength,0.52408
LoG_sigma=2.0_GLDZM_SDE,0.83775
LoG_sigma=2.0_GLDZM_LDE,0.95216
LoG_sigma=2.0_GLDZM_LGLE,0.73627
LoG_sigma=2.0_GLDZM_HGLE,0.7973
LoG_sigma=2.0_GLDZM_SDLGLE,0.52803
LoG_sigma=2.0_GLDZM_SDHGLE,0.79887
LoG_sigma=2.0_GLDZM_LDLGLE,0.88178
LoG_sigma=2.0_GLDZM_LDHGLE,0.96408
LoG_sigma=2.0_GLDZM_GLNU,0.91544
LoG_sigma=2.0_GLDZM_GLNUN,0.84954
LoG_sigma=2.0_GLDZM_ZDNU,0.84273
LoG_sigma=2.0_GLDZM_ZDNUN,0.80828
LoG_sigma=2.0_GLDZM_ZP,0.96565
LoG_sigma=2.0_GLDZM_GLM,0.87208
LoG_sigma=2.0_GLDZM_GLV,0.83253
LoG_sigma=2.0_GLDZM_ZDM,0.85311
LoG_sigma=2.0_GLDZM_ZDV,0.78014
LoG_sigma=2.0_GLDZM_ZDE,0.86386
LoG_sigma=2.0_NGLDM_LDE,0.82511
LoG_sigma=2.0_NGLDM_HDE,0.79713
LoG_sigma=2.0_NGLDM_LGLCE,0.44753
LoG_sigma=2.0_NGLDM_HGLCE,0.83765
LoG_sigma=2.0_NGLDM_LDLGLE,0.86045
LoG_sigma=2.0_NGLDM_LDHGLE,0.81112
LoG_sigma=2.0_NGLDM_HDLGLE,0.28378
LoG_sigma=2.0_NGLDM_HDHGLE,0.84805
LoG_sigma=2.0_NGLDM_GLNU,0.98815
LoG_sigma=2.0_NGLDM_GLNUN,0.8809
LoG_sigma=2.0_NGLDM_DCNU,0.97999
LoG_sigma=2.0_NGLDM_DCNUN,0.36512
LoG_sigma=2.0_NGLDM_GLM,0.88048
LoG_sigma=2.0_NGLDM_GLV,0.86746
LoG_sigma=2.0_NGLDM_DCM,0.80357
LoG_sigma=2.0_NGLDM_DCV,0.7393
LoG_sigma=2.0_NGLDM_DCE,0.68791
LoG_sigma=2.0_NGLDM_DCENE,0.35133
LoG_sigma=2.0_LTE_LL_5,
LoG_sigma=2.0_LTE_EE_5,
LoG_sigma=2.0_LTE_SS_5,
LoG_sigma=2.0_LTE_LE_5,
LoG_sigma=2.0_LTE_ES_5,
LoG_sigma=2.0_LTE_LS_5,
LoG_sigma=2.0_FDTA_HurstCoeff_1,0.65344
LoG_sigma=2.0_FDTA_HurstCoeff_2,
LoG_sigma=2.0_FDTA_HurstCoeff_3,
LoG_sigma=2.0_FDTA_HurstCoeff_4,
LoG_sigma=2.0_FPS_RadialSum,0.98272
LoG_sigma=2.0_FPS_AngularSum,0.97879
bior1.1-LH_glcm_Autocorrelation,0.39748
bior1.1-LH_glcm_ClusterProminence,0.61983
bior1.1-LH_glcm_ClusterShade,0.04393
bior1.1-LH_glcm_ClusterTendency,0.6254
bior1.1-LH_glcm_Contrast,0.58878
bior1.1-LH_glcm_Correlation,0.091587
bior1.1-LH_glcm_DifferenceAverage,0.58878
bior1.1-LH_glcm_DifferenceEntropy,0.68134
bior1.1-LH_glcm_DifferenceVariance,0.64671
bior1.1-LH_glcm_Id,0.58878
bior1.1-LH_glcm_Idm,0.58878
bior1.1-LH_glcm_Idmn,0.58878
bior1.1-LH_glcm_Idn,0.58878
bior1.1-LH_glcm_Imc1,0.14552
bior1.1-LH_glcm_Imc2,0.42357
bior1.1-LH_glcm_InverseVariance,0.58878
bior1.1-LH_glcm_JointAverage,0.45076
bior1.1-LH_glcm_JointEnergy,0.63372
bior1.1-LH_glcm_JointEntropy,0.65692
bior1.1-LH_glcm_MCC,0.096855
bior1.1-LH_glcm_MaximumProbability,0.56909
bior1.1-LH_glcm_SumAverage,0.45076
bior1.1-LH_glcm_SumEntropy,0.66612
bior1.1-LH_glcm_SumSquares,0.62196
bior1.1-LH_gldm_DependenceEntropy,0.8464
bior1.1-LH_gldm_DependenceNonUniformity,0.95134
bior1.1-LH_gldm_DependenceNonUniformityNormalized,0.89911
bior1.1-LH_gldm_DependenceVariance,0.73253
bior1.1-LH_gldm_GrayLevelNonUniformity,0.94804
bior1.1-LH_gldm_GrayLevelVariance,0.65337
bior1.1-LH_gldm_HighGrayLevelEmphasis,0.45013
bior1.1-LH_gldm_LargeDependenceEmphasis,0.79557
bior1.1-LH_gldm_LargeDependenceHighGrayLevelEmphasis,0.077066
bior1.1-LH_gldm_LargeDependenceLowGrayLevelEmphasis,0.77557
bior1.1-LH_gldm_LowGrayLevelEmphasis,0.45013
bior1.1-LH_gldm_SmallDependenceEmphasis,0.49161
bior1.1-LH_gldm_SmallDependenceHighGrayLevelEmphasis,0.53419
bior1.1-LH_gldm_SmallDependenceLowGrayLevelEmphasis,0.45416
bior1.1-LH_glrlm_GrayLevelNonUniformity,0.91184
bior1.1-LH_glrlm_GrayLevelNonUniformityNormalized,0.68563
bior1.1-LH_glrlm_GrayLevelVariance,0.68563
bior1.1-LH_glrlm_HighGrayLevelRunEmphasis,0.68916
bior1.1-LH_glrlm_LongRunEmphasis,0.95363
bior1.1-LH_glrlm_LongRunHighGrayLevelEmphasis,0.87301
bior1.1-LH_glrlm_LongRunLowGrayLevelEmphasis,0.95839
bior1.1-LH_glrlm_LowGrayLevelRunEmphasis,0.68916
bior1.1-LH_glrlm_RunEntropy,0.88273
bior1.1-LH_glrlm_RunLengthNonUniformity,0.18874
bior1.1-LH_glrlm_RunLengthNonUniformityNormalized,0.72879
bior1.1-LH_glrlm_RunPercentage,0.7679
bior1.1-LH_glrlm_RunVariance,0.95798
bior1.1-LH_glrlm_ShortRunEmphasis,0.65951
bior1.1-LH_glrlm_ShortRunHighGrayLevelEmphasis,0.63392
bior1.1-LH_glrlm_ShortRunLowGrayLevelEmphasis,0.60342
bior1.1-LH_glszm_GrayLevelNonUniformity,0.36403
bior1.1-LH_glszm_GrayLevelNonUniformityNormalized,0.19258
bior1.1-LH_glszm_GrayLevelVariance,0.19258
bior1.1-LH_glszm_HighGrayLevelZoneEmphasis,0.244
bior1.1-LH_glszm_LargeAreaEmphasis,0.77568
bior1.1-LH_glszm_LargeAreaHighGrayLevelEmphasis,0.77102
bior1.1-LH_glszm_LargeAreaLowGrayLevelEmphasis,0.77626
bior1.1-LH_glszm_LowGrayLevelZoneEmphasis,0.244
bior1.1-LH_glszm_SizeZoneNonUniformity,0.55477
bior1.1-LH_glszm_SizeZoneNonUniformityNormalized,0.37415
bior1.1-LH_glszm_SmallAreaEmphasis,0.17594
bior1.1-LH_glszm_SmallAreaHighGrayLevelEmphasis,0.21074
bior1.1-LH_glszm_SmallAreaLowGrayLevelEmphasis,-0.027071
bior1.1-LH_glszm_ZoneEntropy,0.45521
bior1.1-LH_glszm_ZonePercentage,0.41822
bior1.1-LH_glszm_ZoneVariance,0.87734
bior1.1-LH_ngtdm_Busyness,0.034161
bior1.1-LH_ngtdm_Coarseness,2.164e-07
bior1.1-LH_ngtdm_Complexity,0.59753
bior1.1-LH_ngtdm_Contrast,0.46705
bior1.1-LH_ngtdm_Strength,0.13714
bior1.1-LH_GLDZM_SDE,0.91391
bior1.1-LH_GLDZM_LDE,0.97403
bior1.1-LH_GLDZM_LGLE,0.5147
bior1.1-LH_GLDZM_HGLE,0.45154
bior1.1-LH_GLDZM_SDLGLE,0.49461
bior1.1-LH_GLDZM_SDHGLE,0.62323
bior1.1-LH_GLDZM_LDLGLE,0.73323
bior1.1-LH_GLDZM_LDHGLE,0.87527
bior1.1-LH_GLDZM_GLNU,0.95061
bior1.1-LH_GLDZM_GLNUN,0.5262
bior1.1-LH_GLDZM_ZDNU,0.89838
bior1.1-LH_GLDZM_ZDNUN,0.89991
bior1.1-LH_GLDZM_ZP,0.45645
bior1.1-LH_GLDZM_GLM,0.93647
bior1.1-LH_GLDZM_GLV,0.87964
bior1.1-LH_GLDZM_ZDM,0.94121
bior1.1-LH_GLDZM_ZDV,0.87104
bior1.1-LH_GLDZM_ZDE,0.96346
bior1.1-LH_NGLDM_LDE,0.43909
bior1.1-LH_NGLDM_HDE,0.44195
bior1.1-LH_NGLDM_LGLCE,0.40275
bior1.1-LH_NGLDM_HGLCE,0.50392
bior1.1-LH_NGLDM_LDLGLE,0.40532
bior1.1-LH_NGLDM_LDHGLE,0.46367
bior1.1-LH_NGLDM_HDLGLE,0.39429
bior1.1-LH_NGLDM_HDHGLE,0.50864
bior1.1-LH_NGLDM_GLNU,0.55496
bior1.1-LH_NGLDM_GLNUN,0.36114
bior1.1-LH_NGLDM_DCNU,0.75694
bior1.1-LH_NGLDM_DCNUN,0.23126
bior1.1-LH_NGLDM_GLM,0.52261
bior1.1-LH_NGLDM_GLV,0.40859
bior1.1-LH_NGLDM_DCM,0.43679
bior1.1-LH_NGLDM_DCV,0.52474
bior1.1-LH_NGLDM_DCE,0.35314
bior1.1-LH_NGLDM_DCENE,0.16501
bior1.1-LH_LTE_LL_5,
bior1.1-LH_LTE_EE_5,
bior1.1-LH_LTE_SS_5,
bior1.1-LH_LTE_LE_5,
bior1.1-LH_LTE_ES_5,
bior1.1-LH_LTE_LS_5,
bior1.1-LH_FDTA_HurstCoeff_1,0.43766
bior1.1-LH_FDTA_HurstCoeff_2,
bior1.1-LH_FDTA_HurstCoeff_3,
bior1.1-LH_FDTA_HurstCoeff_4,
bior1.1-LH_FPS_RadialSum,0.83892
bior1.1-LH_FPS_AngularSum,0.86868
bior1.1-HL_glcm_Autocorrelation,0.27688
bior1.1-HL_glcm_ClusterProminence,0.45394
bior1.1-HL_glcm_ClusterShade,0.17112
bior1.1-HL_glcm_ClusterTendency,0.34491
bior1.1-HL_glcm_Contrast,0.36992
bior1.1-HL_glcm_Correlation,0.084783
bior1.1-HL_glcm_DifferenceAverage,0.36992
bior1.1-HL_glcm_DifferenceEntropy,0.52438
bior1.1-HL_glcm_DifferenceVariance,0.46232
bior1.1-HL_glcm_Id,0.36992
bior1.1-HL_glcm_Idm,0.36992
bior1.1-HL_glcm_Idmn,0.36992
bior1.1-HL_glcm_Idn,0.36992
bior1.1-HL_glcm_Imc1,0.21751
bior1.1-HL_glcm_Imc2,0.28623
bior1.1-HL_glcm_InverseVariance,0.36992
bior1.1-HL_glcm_JointAverage,0.29208
bior1.1-HL_glcm_JointEnergy,0.39331
bior1.1-HL_glcm_JointEntropy,0.44469
bior1.1-HL_glcm_MCC,0.17504
bior1.1-HL_glcm_MaximumProbability,0.27164
bior1.1-HL_glcm_SumAverage,0.29208
bior1.1-HL_glcm_SumEntropy,0.45674
bior1.1-HL_glcm_SumSquares,0.35534
bior1.1-HL_gldm_DependenceEntropy,0.82915
bior1.1-HL_gldm_DependenceNonUniformity,0.93621
bior1.1-HL_gldm_DependenceNonUniformityNormalized,0.89796
bior1.1-HL_gldm_DependenceVariance,0.76094
bior1.1-HL_gldm_GrayLevelNonUniformity,0.94502
bior1.1-HL_gldm_GrayLevelVariance,0.37079
bior1.1-HL_gldm_HighGrayLevelEmphasis,0.29685
bior1.1-HL_gldm_LargeDependenceEmphasis,0.77664
bior1.1-HL_gldm_LargeDependenceHighGrayLevelEmphasis,0.46896
bior1.1-HL_gldm_LargeDependenceLowGrayLevelEmphasis,0.69695
bior1.1-HL_gldm_LowGrayLevelEmphasis,0.29685
bior1.1-HL_gldm_SmallDependenceEmphasis,0.50202
bior1.1-HL_gldm_SmallDependenceHighGrayLevelEmphasis,0.53789
bior1.1-HL_gldm_SmallDependenceLowGrayLevelEmphasis,0.45944
bior1.1-HL_glrlm_GrayLevelNonUniformity,0.84455
bior1.1-HL_glrlm_GrayLevelNonUniformityNormalized,0.46763
bior1.1-HL_glrlm_GrayLevelVariance,0.46763
bior1.1-HL_glrlm_HighGrayLevelRunEmphasis,0.49917
bior1.1-HL_glrlm_LongRunEmphasis,0.92044
bior1.1-HL_glrlm_LongRunHighGrayLevelEmphasis,0.84967
bior1.1-HL_glrlm_LongRunLowGrayLevelEmphasis,0.92437
bior1.1-HL_glrlm_LowGrayLevelRunEmphasis,0.49917
bior1.1-HL_glrlm_RunEntropy,0.86259
bior1.1-HL_glrlm_RunLengthNonUniformity,0.061831
bior1.1-HL_glrlm_RunLengthNonUniformityNormalized,0.69037
bior1.1-HL_glrlm_RunPercentage,0.74455
bior1.1-HL_glrlm_RunVariance,0.92862
bior1.1-HL_glrlm_ShortRunEmphasis,0.58411
bior1.1-HL_glrlm_ShortRunHighGrayLevelEmphasis,0.59986
bior1.1-HL_glrlm_ShortRunLowGrayLevelEmphasis,0.5156
bior1.1-HL_glszm_GrayLevelNonUniformity,0.25772
bior1.1-HL_glszm_GrayLevelNonUniformityNormalized,0.17968
bior1.1-HL_glszm_GrayLevelVariance,0.17968
bior1.1-HL_glszm_HighGrayLevelZoneEmphasis,0.12982
bior1.1-HL_glszm_LargeAreaEmphasis,0.85195
bior1.1-HL_glszm_LargeAreaHighGrayLevelEmphasis,0.85595
bior1.1-HL_glszm_LargeAreaLowGrayLevelEmphasis,0.84894
bior1.1-HL_glszm_LowGrayLevelZoneEmphasis,0.12982
bior1.1-HL_glszm_SizeZoneNonUniformity,0.35994
bior1.1-HL_glszm_SizeZoneNonUniformityNormalized,0.4277
bior1.1-HL_glszm_SmallAreaEmphasis,0.28637
bior1.1-HL_glszm_SmallAreaHighGrayLevelEmphasis,0.12241
bior1.1-HL_glszm_SmallAreaLowGrayLevelEmphasis,0.048117
bior1.1-HL_glszm_ZoneEntropy,0.52258
bior1.1-HL_glszm_ZonePercentage,0.41772
bior1.1-HL_glszm_ZoneVariance,0.87746
bior1.1-HL_ngtdm_Busyness,0.085525
bior1.1-HL_ngtdm_Coarseness,-7.425e-08
bior1.1-HL_ngtdm_Complexity,0.38321
bior1.1-HL_ngtdm_Contrast,0.11702
bior1.1-HL_ngtdm_Strength,0.12075
bior1.1-HL_GLDZM_SDE,0.8976
bior1.1-HL_GLDZM_LDE,0.96347
bior1.1-HL_GLDZM_LGLE,0.4392
bior1.1-HL_GLDZM_HGLE,0.37635
bior1.1-HL_GLDZM_SDLGLE,0.56408
bior1.1-HL_GLDZM_SDHGLE,0.41565
bior1.1-HL_GLDZM_LDLGLE,0.72543
bior1.1-HL_GLDZM_LDHGLE,0.8853
bior1.1-HL_GLDZM_GLNU,0.95951
bior1.1-HL_GLDZM_GLNUN,0.58357
bior1.1-HL_GLDZM_ZDNU,0.88789
bior1.1-HL_GLDZM_ZDNUN,0.88536
bior1.1-HL_GLDZM_ZP,0.478
bior1.1-HL_GLDZM_GLM,0.90551
bior1.1-HL_GLDZM_GLV,0.8158
bior1.1-HL_GLDZM_ZDM,0.90104
bior1.1-HL_GLDZM_ZDV,0.78366
bior1.1-HL_GLDZM_ZDE,0.93735
bior1.1-HL_NGLDM_LDE,0.54471
bior1.1-HL_NGLDM_HDE,0.57317
bior1.1-HL_NGLDM_LGLCE,0.39442
bior1.1-HL_NGLDM_HGLCE,0.45698
bior1.1-HL_NGLDM_LDLGLE,0.36143
bior1.1-HL_NGLDM_LDHGLE,0.50955
bior1.1-HL_NGLDM_HDLGLE,0.37845
bior1.1-HL_NGLDM_HDHGLE,0.44328
bior1.1-HL_NGLDM_GLNU,0.6024
bior1.1-HL_NGLDM_GLNUN,0.39331
bior1.1-HL_NGLDM_DCNU,0.77262
bior1.1-HL_NGLDM_DCNUN,0.17289
bior1.1-HL_NGLDM_GLM,0.44734
bior1.1-HL_NGLDM_GLV,0.39719
bior1.1-HL_NGLDM_DCM,0.56434
bior1.1-HL_NGLDM_DCV,0.70866
bior1.1-HL_NGLDM_DCE,0.41109
bior1.1-HL_NGLDM_DCENE,0.30014
bior1.1-HL_LTE_LL_5,
bior1.1-HL_LTE_EE_5,
bior1.1-HL_LTE_SS_5,
bior1.1-HL_LTE_LE_5,
bior1.1-HL_LTE_ES_5,
bior1.1-HL_LTE_LS_5,
bior1.1-HL_FDTA_HurstCoeff_1,0.46175
bior1.1-HL_FDTA_HurstCoeff_2,
bior1.1-HL_FDTA_HurstCoeff_3,
bior1.1-HL_FDTA_HurstCoeff_4,
bior1.1-HL_FPS_RadialSum,0.82061
bior1.1-HL_FPS_AngularSum,0.84297
bior1.1-HH_glcm_Autocorrelation,0.062496
bior1.1-HH_glcm_ClusterProminence,0.41613
bior1.1-HH_glcm_ClusterShade,0.4235
bior1.1-HH_glcm_ClusterTendency,0.24198
bior1.1-HH_glcm_Contrast,0.17301
bior1.1-HH_glcm_Correlation,0.1987
bior1.1-HH_glcm_DifferenceAverage,0.17301
bior1.1-HH_glcm_DifferenceEntropy,0.28606
bior1.1-HH_glcm_DifferenceVariance,0.22873
bior1.1-HH_glcm_Id,0.17301
bior1.1-HH_glcm_Idm,0.17301
bior1.1-HH_glcm_Idmn,0.17301
bior1.1-HH_glcm_Idn,0.17301
bior1.1-HH_glcm_Imc1,0.11194
bior1.1-HH_glcm_Imc2,0.42633
bior1.1-HH_glcm_InverseVariance,0.17301
bior1.1-HH_glcm_JointAverage,0.078118
bior1.1-HH_glcm_JointEnergy,0.21847
bior1.1-HH_glcm_JointEntropy,0.26133
bior1.1-HH_glcm_MCC,0.13611
bior1.1-HH_glcm_MaximumProbability,0.15588
bior1.1-HH_glcm_SumAverage,0.078118
bior1.1-HH_glcm_SumEntropy,0.28252
bior1.1-HH_glcm_SumSquares,0.21072
bior1.1-HH_gldm_DependenceEntropy,0.76482
bior1.1-HH_gldm_DependenceNonUniformity,0.93865
bior1.1-HH_gldm_DependenceNonUniformityNormalized,0.83672
bior1.1-HH_gldm_DependenceVariance,0.6215
bior1.1-HH_gldm_GrayLevelNonUniformity,0.94382
bior1.1-HH_gldm_GrayLevelVariance,0.25834
bior1.1-HH_gldm_HighGrayLevelEmphasis,0.10108
bior1.1-HH_gldm_LargeDependenceEmphasis,0.68729
bior1.1-HH_gldm_LargeDependenceHighGrayLevelEmphasis,0.65228
bior1.1-HH_gldm_LargeDependenceLowGrayLevelEmphasis,0.6477
bior1.1-HH_gldm_LowGrayLevelEmphasis,0.10108
bior1.1-HH_gldm_SmallDependenceEmphasis,0.34984
bior1.1-HH_gldm_SmallDependenceHighGrayLevelEmphasis,0.30018
bior1.1-HH_gldm_SmallDependenceLowGrayLevelEmphasis,0.38583
bior1.1-HH_glrlm_GrayLevelNonUniformity,0.91766
bior1.1-HH_glrlm_GrayLevelNonUniformityNormalized,0.30617
bior1.1-HH_glrlm_GrayLevelVariance,0.30617
bior1.1-HH_glrlm_HighGrayLevelRunEmphasis,0.2331
bior1.1-HH_glrlm_LongRunEmphasis,0.90423
bior1.1-HH_glrlm_LongRunHighGrayLevelEmphasis,0.90457
bior1.1-HH_glrlm_LongRunLowGrayLevelEmphasis,0.90414
bior1.1-HH_glrlm_LowGrayLevelRunEmphasis,0.2331
bior1.1-HH_glrlm_RunEntropy,0.84741
bior1.1-HH_glrlm_RunLengthNonUniformity,0.33178
bior1.1-HH_glrlm_RunLengthNonUniformityNormalized,0.56765
bior1.1-HH_glrlm_RunPercentage,0.64498
bior1.1-HH_glrlm_RunVariance,0.92174
bior1.1-HH_glrlm_ShortRunEmphasis,0.45181
bior1.1-HH_glrlm_ShortRunHighGrayLevelEmphasis,0.34172
bior1.1-HH_glrlm_ShortRunLowGrayLevelEmphasis,0.51294
bior1.1-HH_glszm_GrayLevelNonUniformity,0.23404
bior1.1-HH_glszm_GrayLevelNonUniformityNormalized,0.41548
bior1.1-HH_glszm_GrayLevelVariance,0.41548
bior1.1-HH_glszm_HighGrayLevelZoneEmphasis,0.38679
bior1.1-HH_glszm_LargeAreaEmphasis,0.80644
bior1.1-HH_glszm_LargeAreaHighGrayLevelEmphasis,0.80643
bior1.1-HH_glszm_LargeAreaLowGrayLevelEmphasis,0.80644
bior1.1-HH_glszm_LowGrayLevelZoneEmphasis,0.38679
bior1.1-HH_glszm_SizeZoneNonUniformity,0.19357
bior1.1-HH_glszm_SizeZoneNonUniformityNormalized,0.47649
bior1.1-HH_glszm_SmallAreaEmphasis,0.24075
bior1.1-HH_glszm_SmallAreaHighGrayLevelEmphasis,0.4188
bior1.1-HH_glszm_SmallAreaLowGrayLevelEmphasis,-0.064966
bior1.1-HH_glszm_ZoneEntropy,0.61067
bior1.1-HH_glszm_ZonePercentage,0.31482
bior1.1-HH_glszm_ZoneVariance,0.88168
bior1.1-HH_ngtdm_Busyness,0.15141
bior1.1-HH_ngtdm_Coarseness,-5.1703e-07
bior1.1-HH_ngtdm_Complexity,0.19323
bior1.1-HH_ngtdm_Contrast,0.055389
bior1.1-HH_ngtdm_Strength,0.039742
bior1.1-HH_GLDZM_SDE,0.92842
bior1.1-HH_GLDZM_LDE,0.98852
bior1.1-HH_GLDZM_LGLE,0.44498
bior1.1-HH_GLDZM_HGLE,0.30315
bior1.1-HH_GLDZM_SDLGLE,0.53127
bior1.1-HH_GLDZM_SDHGLE,0.66502
bior1.1-HH_GLDZM_LDLGLE,0.8334
bior1.1-HH_GLDZM_LDHGLE,0.94982
bior1.1-HH_GLDZM_GLNU,0.92094
bior1.1-HH_GLDZM_GLNUN,0.5748
bior1.1-HH_GLDZM_ZDNU,0.90418
bior1.1-HH_GLDZM_ZDNUN,0.88903
bior1.1-HH_GLDZM_ZP,0.48855
bior1.1-HH_GLDZM_GLM,0.95995
bior1.1-HH_GLDZM_GLV,0.97026
bior1.1-HH_GLDZM_ZDM,0.98705
bior1.1-HH_GLDZM_ZDV,0.98777
bior1.1-HH_GLDZM_ZDE,0.97163
bior1.1-HH_NGLDM_LDE,0.38324
bior1.1-HH_NGLDM_HDE,0.59029
bior1.1-HH_NGLDM_LGLCE,0.044746
bior1.1-HH_NGLDM_HGLCE,0.36262
bior1.1-HH_NGLDM_LDLGLE,0.24503
bior1.1-HH_NGLDM_LDHGLE,0.34359
bior1.1-HH_NGLDM_HDLGLE,0.016533
bior1.1-HH_NGLDM_HDHGLE,0.37512
bior1.1-HH_NGLDM_GLNU,0.58212
bior1.1-HH_NGLDM_GLNUN,0.46915
bior1.1-HH_NGLDM_DCNU,0.7648
bior1.1-HH_NGLDM_DCNUN,0.14004
bior1.1-HH_NGLDM_GLM,0.35185
bior1.1-HH_NGLDM_GLV,0.50314
bior1.1-HH_NGLDM_DCM,0.54709
bior1.1-HH_NGLDM_DCV,0.52824
bior1.1-HH_NGLDM_DCE,0.39558
bior1.1-HH_NGLDM_DCENE,0.31693
bior1.1-HH_LTE_LL_5,
bior1.1-HH_LTE_EE_5,
bior1.1-HH_LTE_SS_5,
bior1.1-HH_LTE_LE_5,
bior1.1-HH_LTE_ES_5,
bior1.1-HH_LTE_LS_5,
bior1.1-HH_FDTA_HurstCoeff_1,0.49007
bior1.1-HH_FDTA_HurstCoeff_2,
bior1.1-HH_FDTA_HurstCoeff_3,
bior1.1-HH_FDTA_HurstCoeff_4,
bior1.1-HH_FPS_RadialSum,0.95097
bior1.1-HH_FPS_AngularSum,0.95072
bior1.1-LL_glcm_Autocorrelation,0.44515
bior1.1-LL_glcm_ClusterProminence,0.1967
bior1.1-LL_glcm_ClusterShade,0.045029
bior1.1-LL_glcm_ClusterTendency,0.15354
bior1.1-LL_glcm_Contrast,0.14136
bior1.1-LL_glcm_Correlation,0.33954
bior1.1-LL_glcm_DifferenceAverage,0.14136
bior1.1-LL_glcm_DifferenceEntropy,0.14404
bior1.1-LL_glcm_DifferenceVariance,0.13037
bior1.1-LL_glcm_Id,0.14136
bior1.1-LL_glcm_Idm,0.14136
bior1.1-LL_glcm_Idmn,0.14136
bior1.1-LL_glcm_Idn,0.14136
bior1.1-LL_glcm_Imc1,0.41769
bior1.1-LL_glcm_Imc2,0.22799
bior1.1-LL_glcm_InverseVariance,0.14136
bior1.1-LL_glcm_JointAverage,0.44373
bior1.1-LL_glcm_JointEnergy,0.13133
bior1.1-LL_glcm_JointEntropy,0.13722
bior1.1-LL_glcm_MCC,0.32185
bior1.1-LL_glcm_MaximumProbability,0.1161
bior1.1-LL_glcm_SumAverage,0.44373
bior1.1-LL_glcm_SumEntropy,0.14025
bior1.1-LL_glcm_SumSquares,0.14078
bior1.1-LL_gldm_DependenceEntropy,0.38614
bior1.1-LL_gldm_DependenceNonUniformity,0.84245
bior1.1-LL_gldm_DependenceNonUniformityNormalized,0.58686
bior1.1-LL_gldm_DependenceVariance,0.47595
bior1.1-LL_gldm_GrayLevelNonUniformity,0.87772
bior1.1-LL_gldm_GrayLevelVariance,0.16932
bior1.1-LL_gldm_HighGrayLevelEmphasis,0.45202
bior1.1-LL_gldm_LargeDependenceEmphasis,0.67495
bior1.1-LL_gldm_LargeDependenceHighGrayLevelEmphasis,0.5108
bior1.1-LL_gldm_LargeDependenceLowGrayLevelEmphasis,0.48081
bior1.1-LL_gldm_LowGrayLevelEmphasis,0.45202
bior1.1-LL_gldm_SmallDependenceEmphasis,0.43765
bior1.1-LL_gldm_SmallDependenceHighGrayLevelEmphasis,0.39616
bior1.1-LL_gldm_SmallDependenceLowGrayLevelEmphasis,0.45148
bior1.1-LL_glrlm_GrayLevelNonUniformity,0.85121
bior1.1-LL_glrlm_GrayLevelNonUniformityNormalized,0.2782
bior1.1-LL_glrlm_GrayLevelVariance,0.2782
bior1.1-LL_glrlm_HighGrayLevelRunEmphasis,0.41917
bior1.1-LL_glrlm_LongRunEmphasis,0.67314
bior1.1-LL_glrlm_LongRunHighGrayLevelEmphasis,0.6361
bior1.1-LL_glrlm_LongRunLowGrayLevelEmphasis,0.63479
bior1.1-LL_glrlm_LowGrayLevelRunEmphasis,0.41917
bior1.1-LL_glrlm_RunEntropy,0.86991
bior1.1-LL_glrlm_RunLengthNonUniformity,0.35033
bior1.1-LL_glrlm_RunLengthNonUniformityNormalized,0.63861
bior1.1-LL_glrlm_RunPercentage,0.66306
bior1.1-LL_glrlm_RunVariance,0.68276
bior1.1-LL_glrlm_ShortRunEmphasis,0.44208
bior1.1-LL_glrlm_ShortRunHighGrayLevelEmphasis,0.31048
bior1.1-LL_glrlm_ShortRunLowGrayLevelEmphasis,0.49297
bior1.1-LL_glszm_GrayLevelNonUniformity,0.52281
bior1.1-LL_glszm_GrayLevelNonUniformityNormalized,0.39784
bior1.1-LL_glszm_GrayLevelVariance,0.39784
bior1.1-LL_glszm_HighGrayLevelZoneEmphasis,0.38173
bior1.1-LL_glszm_LargeAreaEmphasis,0.76565
bior1.1-LL_glszm_LargeAreaHighGrayLevelEmphasis,0.76778
bior1.1-LL_glszm_LargeAreaLowGrayLevelEmphasis,0.7637
bior1.1-LL_glszm_LowGrayLevelZoneEmphasis,0.38173
bior1.1-LL_glszm_SizeZoneNonUniformity,0.46449
bior1.1-LL_glszm_SizeZoneNonUniformityNormalized,0.14568
bior1.1-LL_glszm_SmallAreaEmphasis,0.15537
bior1.1-LL_glszm_SmallAreaHighGrayLevelEmphasis,0.38677
bior1.1-LL_glszm_SmallAreaLowGrayLevelEmphasis,0.19358
bior1.1-LL_glszm_ZoneEntropy,0.24567
bior1.1-LL_glszm_ZonePercentage,0.37653
bior1.1-LL_glszm_ZoneVariance,0.746
bior1.1-LL_ngtdm_Busyness,0.1044
bior1.1-LL_ngtdm_Coarseness,9.3658e-07
bior1.1-LL_ngtdm_Complexity,0.13425
bior1.1-LL_ngtdm_Contrast,0.083996
bior1.1-LL_ngtdm_Strength,0.13809
bior1.1-LL_GLDZM_SDE,0.85822
bior1.1-LL_GLDZM_LDE,0.94199
bior1.1-LL_GLDZM_LGLE,0.41016
bior1.1-LL_GLDZM_HGLE,0.5501
bior1.1-LL_GLDZM_SDLGLE,0.44527
bior1.1-LL_GLDZM_SDHGLE,0.58487
bior1.1-LL_GLDZM_LDLGLE,0.82395
bior1.1-LL_GLDZM_LDHGLE,0.89931
bior1.1-LL_GLDZM_GLNU,0.95832
bior1.1-LL_GLDZM_GLNUN,0.37975
bior1.1-LL_GLDZM_ZDNU,0.89243
bior1.1-LL_GLDZM_ZDNUN,0.86345
bior1.1-LL_GLDZM_ZP,0.42025
bior1.1-LL_GLDZM_GLM,0.88162
bior1.1-LL_GLDZM_GLV,0.83625
bior1.1-LL_GLDZM_ZDM,0.83051
bior1.1-LL_GLDZM_ZDV,0.63786
bior1.1-LL_GLDZM_ZDE,0.92257
bior1.1-LL_NGLDM_LDE,0.64265
bior1.1-LL_NGLDM_HDE,0.7015
bior1.1-LL_NGLDM_LGLCE,0.27901
bior1.1-LL_NGLDM_HGLCE,0.55817
bior1.1-LL_NGLDM_LDLGLE,0.34364
bior1.1-LL_NGLDM_LDHGLE,0.57415
bior1.1-LL_NGLDM_HDLGLE,0.27371
bior1.1-LL_NGLDM_HDHGLE,0.5543
bior1.1-LL_NGLDM_GLNU,0.49306
bior1.1-LL_NGLDM_GLNUN,0.22739
bior1.1-LL_NGLDM_DCNU,0.75784
bior1.1-LL_NGLDM_DCNUN,0.18268
bior1.1-LL_NGLDM_GLM,0.54911
bior1.1-LL_NGLDM_GLV,0.24429
bior1.1-LL_NGLDM_DCM,0.68881
bior1.1-LL_NGLDM_DCV,0.6709
bior1.1-LL_NGLDM_DCE,0.19822
bior1.1-LL_NGLDM_DCENE,0.16815
bior1.1-LL_LTE_LL_5,
bior1.1-LL_LTE_EE_5,
bior1.1-LL_LTE_SS_5,
bior1.1-LL_LTE_LE_5,
bior1.1-LL_LTE_ES_5,
bior1.1-LL_LTE_LS_5,
bior1.1-LL_FDTA_HurstCoeff_1,0.55387
bior1.1-LL_FDTA_HurstCoeff_2,
bior1.1-LL_FDTA_HurstCoeff_3,
bior1.1-LL_FDTA_HurstCoeff_4,
bior1.1-LL_FPS_RadialSum,0.93263
bior1.1-LL_FPS_AngularSum,0.93063
LBP_radius=1.0_glcm_Autocorrelation,
LBP_radius=1.0_glcm_ClusterProminence,
LBP_radius=1.0_glcm_ClusterShade,
LBP_radius=1.0_glcm_ClusterTendency,
LBP_radius=1.0_glcm_Contrast,
LBP_radius=1.0_glcm_Correlation,
LBP_radius=1.0_glcm_DifferenceAverage,
LBP_radius=1.0_glcm_DifferenceEntropy,1
LBP_radius=1.0_glcm_DifferenceVariance,
LBP_radius=1.0_glcm_Id,
LBP_radius=1.0_glcm_Idm,
LBP_radius=1.0_glcm_Idmn,
LBP_radius=1.0_glcm_Idn,
LBP_radius=1.0_glcm_Imc1,
LBP_radius=1.0_glcm_Imc2,
LBP_radius=1.0_glcm_InverseVariance,
LBP_radius=1.0_glcm_JointAverage,
LBP_radius=1.0_glcm_JointEnergy,
LBP_radius=1.0_glcm_JointEntropy,1
LBP_radius=1.0_glcm_MCC,
LBP_radius=1.0_glcm_MaximumProbability,
LBP_radius=1.0_glcm_SumAverage,
LBP_radius=1.0_glcm_SumEntropy,1
LBP_radius=1.0_glcm_SumSquares,
LBP_radius=1.0_gldm_DependenceEntropy,0.90196
LBP_radius=1.0_gldm_DependenceNonUniformity,0.95098
LBP_radius=1.0_gldm_DependenceNonUniformityNormalized,0.93566
LBP_radius=1.0_gldm_DependenceVariance,0.70445
LBP_radius=1.0_gldm_GrayLevelNonUniformity,0.94582
LBP_radius=1.0_gldm_GrayLevelVariance,
LBP_radius=1.0_gldm_HighGrayLevelEmphasis,
LBP_radius=1.0_gldm_LargeDependenceEmphasis,0.82255
LBP_radius=1.0_gldm_LargeDependenceHighGrayLevelEmphasis,0.82255
LBP_radius=1.0_gldm_LargeDependenceLowGrayLevelEmphasis,0.82255
LBP_radius=1.0_gldm_LowGrayLevelEmphasis,
LBP_radius=1.0_gldm_SmallDependenceEmphasis,0.41236
LBP_radius=1.0_gldm_SmallDependenceHighGrayLevelEmphasis,0.41236
LBP_radius=1.0_gldm_SmallDependenceLowGrayLevelEmphasis,0.41236
LBP_radius=1.0_glrlm_GrayLevelNonUniformity,0.92547
LBP_radius=1.0_glrlm_GrayLevelNonUniformityNormalized,
LBP_radius=1.0_glrlm_GrayLevelVariance,
LBP_radius=1.0_glrlm_HighGrayLevelRunEmphasis,
LBP_radius=1.0_glrlm_LongRunEmphasis,0.95892
LBP_radius=1.0_glrlm_LongRunHighGrayLevelEmphasis,0.95892
LBP_radius=1.0_glrlm_LongRunLowGrayLevelEmphasis,0.95892
LBP_radius=1.0_glrlm_LowGrayLevelRunEmphasis,
LBP_radius=1.0_glrlm_RunEntropy,0.90433
LBP_radius=1.0_glrlm_RunLengthNonUniformity,0.86585
LBP_radius=1.0_glrlm_RunLengthNonUniformityNormalized,0.77253
LBP_radius=1.0_glrlm_RunPercentage,0.78494
LBP_radius=1.0_glrlm_RunVariance,0.97484
LBP_radius=1.0_glrlm_ShortRunEmphasis,0.52058
LBP_radius=1.0_glrlm_ShortRunHighGrayLevelEmphasis,0.52058
LBP_radius=1.0_glrlm_ShortRunLowGrayLevelEmphasis,0.52058
LBP_radius=1.0_glszm_GrayLevelNonUniformity,0.37393
LBP_radius=1.0_glszm_GrayLevelNonUniformityNormalized,
LBP_radius=1.0_glszm_GrayLevelVariance,
LBP_radius=1.0_glszm_HighGrayLevelZoneEmphasis,
LBP_radius=1.0_glszm_LargeAreaEmphasis,0.89681
LBP_radius=1.0_glszm_LargeAreaHighGrayLevelEmphasis,0.89681
LBP_radius=1.0_glszm_LargeAreaLowGrayLevelEmphasis,0.89681
LBP_radius=1.0_glszm_LowGrayLevelZoneEmphasis,
LBP_radius=1.0_glszm_SizeZoneNonUniformity,0.026527
LBP_radius=1.0_glszm_SizeZoneNonUniformityNormalized,0.63483
LBP_radius=1.0_glszm_SmallAreaEmphasis,0.12063
LBP_radius=1.0_glszm_SmallAreaHighGrayLevelEmphasis,0.12063
LBP_radius=1.0_glszm_SmallAreaLowGrayLevelEmphasis,0.12063
LBP_radius=1.0_glszm_ZoneEntropy,0.56845
LBP_radius=1.0_glszm_ZonePercentage,0.30904
LBP_radius=1.0_glszm_ZoneVariance,0.86089
LBP_radius=1.0_ngtdm_Busyness,
LBP_radius=1.0_ngtdm_Coarseness,
LBP_radius=1.0_ngtdm_Complexity,
LBP_radius=1.0_ngtdm_Contrast,
LBP_radius=1.0_ngtdm_Strength,
LBP_radius=1.0_GLDZM_SDE,0.90184
LBP_radius=1.0_GLDZM_LDE,0.96056
LBP_radius=1.0_GLDZM_LGLE,0.69849
LBP_radius=1.0_GLDZM_HGLE,0.85666
LBP_radius=1.0_GLDZM_SDLGLE,0.73079
LBP_radius=1.0_GLDZM_SDHGLE,0.74644
LBP_radius=1.0_GLDZM_LDLGLE,0.9432
LBP_radius=1.0_GLDZM_LDHGLE,0.9749
LBP_radius=1.0_GLDZM_GLNU,0.94941
LBP_radius=1.0_GLDZM_GLNUN,0.79759
LBP_radius=1.0_GLDZM_ZDNU,0.96674
LBP_radius=1.0_GLDZM_ZDNUN,0.86956
LBP_radius=1.0_GLDZM_ZP,0.42056
LBP_radius=1.0_GLDZM_GLM,0.97155
LBP_radius=1.0_GLDZM_GLV,0.97063
LBP_radius=1.0_GLDZM_ZDM,0.96256
LBP_radius=1.0_GLDZM_ZDV,0.9507
LBP_radius=1.0_GLDZM_ZDE,0.966
LBP_radius=1.0_NGLDM_LDE,0.7011
LBP_radius=1.0_NGLDM_HDE,0.61129
LBP_radius=1.0_NGLDM_LGLCE,0.47761
LBP_radius=1.0_NGLDM_HGLCE,0.68309
LBP_radius=1.0_NGLDM_LDLGLE,0.64495
LBP_radius=1.0_NGLDM_LDHGLE,0.62337
LBP_radius=1.0_NGLDM_HDLGLE,0.48714
LBP_radius=1.0_NGLDM_HDHGLE,0.70324
LBP_radius=1.0_NGLDM_GLNU,0.5252
LBP_radius=1.0_NGLDM_GLNUN,0.46896
LBP_radius=1.0_NGLDM_DCNU,0.80294
LBP_radius=1.0_NGLDM_DCNUN,0.18659
LBP_radius=1.0_NGLDM_GLM,0.70599
LBP_radius=1.0_NGLDM_GLV,0.62048
LBP_radius=1.0_NGLDM_DCM,0.62482
LBP_radius=1.0_NGLDM_DCV,0.59002
LBP_radius=1.0_NGLDM_DCE,0.65226
LBP_radius=1.0_NGLDM_DCENE,0.39311
LBP_radius=1.0_LTE_LL_5,
LBP_radius=1.0_LTE_EE_5,
LBP_radius=1.0_LTE_SS_5,
LBP_radius=1.0_LTE_LE_5,
LBP_radius=1.0_LTE_ES_5,
LBP_radius=1.0_LTE_LS_5,
LBP_radius=1.0_FDTA_HurstCoeff_1,0.66322
LBP_radius=1.0_FDTA_HurstCoeff_2,
LBP_radius=1.0_FDTA_HurstCoeff_3,
LBP_radius=1.0_FDTA_HurstCoeff_4,
LBP_radius=1.0_FPS_RadialSum,0.98196
LBP_radius=1.0_FPS_AngularSum,0.98245
